[{"model": "contenttypes.contenttype", "pk": 1, "fields": {"app_label": "admin", "model": "logentry"}}, {"model": "contenttypes.contenttype", "pk": 2, "fields": {"app_label": "auth", "model": "group"}}, {"model": "contenttypes.contenttype", "pk": 3, "fields": {"app_label": "auth", "model": "permission"}}, {"model": "contenttypes.contenttype", "pk": 4, "fields": {"app_label": "auth", "model": "user"}}, {"model": "contenttypes.contenttype", "pk": 5, "fields": {"app_label": "contenttypes", "model": "contenttype"}}, {"model": "contenttypes.contenttype", "pk": 6, "fields": {"app_label": "sessions", "model": "session"}}, {"model": "contenttypes.contenttype", "pk": 7, "fields": {"app_label": "n2cshiftapp", "model": "userinfo"}}, {"model": "contenttypes.contenttype", "pk": 8, "fields": {"app_label": "n2cshiftapp", "model": "records"}}, {"model": "contenttypes.contenttype", "pk": 9, "fields": {"app_label": "n2cshiftapp", "model": "salary"}}, {"model": "contenttypes.contenttype", "pk": 10, "fields": {"app_label": "n2cshiftapp", "model": "staffsalary"}}, {"model": "sessions.session", "pk": "7615bn3ldh2jxg63bpues6tqmzk6x5zj", "fields": {"session_data": "NTVkMGM2NjhmN2Y5N2RlNDVlOTJmOGNmODY3N2U5NTNkOGQzMjVjMTp7Il9zZXNzaW9uX2V4cGlyeSI6MTIwMCwiX2F1dGhfdXNlcl9oYXNoIjoiZmY2ZmU0MDFjNTJhZTM2ZTEwMzUzYzQyYzhjYjEzMGMzMjM3YjE2MiIsIl9hdXRoX3VzZXJfYmFja2VuZCI6ImRqYW5nby5jb250cmliLmF1dGguYmFja2VuZHMuTW9kZWxCYWNrZW5kIiwiX2F1dGhfdXNlcl9pZCI6IjcifQ==", "expire_date": "2017-11-10T11:22:16.825Z"}}, {"model": "sessions.session", "pk": "s8y08yl6q62k627ig53vr2ub6g55fxi4", "fields": {"session_data": "MTJhN2JjZWIwNWU0MmI5ZTIwZWQ4ZDU2Y2FlMzRhNzRjM2Q0YzM2YTp7Il9zZXNzaW9uX2V4cGlyeSI6MTIwMCwiX2F1dGhfdXNlcl9oYXNoIjoiYmUzMDU1YzU4NTRiMWRjZmJlOWU2YTcwNjM2NDgzZjQ2MTA2ODQ0MCIsIl9hdXRoX3VzZXJfYmFja2VuZCI6ImRqYW5nby5jb250cmliLmF1dGguYmFja2VuZHMuTW9kZWxCYWNrZW5kIiwiX2F1dGhfdXNlcl9pZCI6IjYifQ==", "expire_date": "2017-11-11T04:40:38.085Z"}}, {"model": "sessions.session", "pk": "t22z7vjawm3wh1k6k4xu9zb0b4k0a2iv", "fields": {"session_data": "YzQ4Nzg5NDQ5NWJkZjU3M2ZiNmQ3M2UwMDMzNjAzZGU4ZmNkZWM1ZTp7Il9zZXNzaW9uX2V4cGlyeSI6MTIwMCwiX2F1dGhfdXNlcl9oYXNoIjoiYzZjZTEwOTI1ZjUzM2ZkMDE4Yjc1OTM3NjliMzhlNDA5NmIzZDdkMyIsIl9hdXRoX3VzZXJfYmFja2VuZCI6ImRqYW5nby5jb250cmliLmF1dGguYmFja2VuZHMuTW9kZWxCYWNrZW5kIiwiX2F1dGhfdXNlcl9pZCI6IjEzIn0=", "expire_date": "2017-11-11T00:12:03.088Z"}}, {"model": "sessions.session", "pk": "vu39nv0ix7upd53x3sgmhzqw282hggsj", "fields": {"session_data": "NjM3MzQ2MTM4NDc1NTA1MDU5Zjc2NmQyNDE5NTdmMzc2Y2FmNDg4MTp7Il9zZXNzaW9uX2V4cGlyeSI6MTIwMCwiX2F1dGhfdXNlcl9oYXNoIjoiM2NlNjM0MjRmMzU3MDM5YWU2YTkwYzZhYzM2ZWFkYjhlNDBlMGUxYiIsIl9hdXRoX3VzZXJfYmFja2VuZCI6ImRqYW5nby5jb250cmliLmF1dGguYmFja2VuZHMuTW9kZWxCYWNrZW5kIiwiX2F1dGhfdXNlcl9pZCI6IjEyIn0=", "expire_date": "2017-11-10T08:38:13.143Z"}}, {"model": "sessions.session", "pk": "ym19zlwk7wseq8yxqu6ewubdgrkvlrzh", "fields": {"session_data": "NTVkMGM2NjhmN2Y5N2RlNDVlOTJmOGNmODY3N2U5NTNkOGQzMjVjMTp7Il9zZXNzaW9uX2V4cGlyeSI6MTIwMCwiX2F1dGhfdXNlcl9oYXNoIjoiZmY2ZmU0MDFjNTJhZTM2ZTEwMzUzYzQyYzhjYjEzMGMzMjM3YjE2MiIsIl9hdXRoX3VzZXJfYmFja2VuZCI6ImRqYW5nby5jb250cmliLmF1dGguYmFja2VuZHMuTW9kZWxCYWNrZW5kIiwiX2F1dGhfdXNlcl9pZCI6IjcifQ==", "expire_date": "2017-11-10T09:29:58.324Z"}}, {"model": "auth.permission", "pk": 1, "fields": {"name": "Can add log entry", "content_type": 1, "codename": "add_logentry"}}, {"model": "auth.permission", "pk": 2, "fields": {"name": "Can change log entry", "content_type": 1, "codename": "change_logentry"}}, {"model": "auth.permission", "pk": 3, "fields": {"name": "Can delete log entry", "content_type": 1, "codename": "delete_logentry"}}, {"model": "auth.permission", "pk": 4, "fields": {"name": "Can add group", "content_type": 2, "codename": "add_group"}}, {"model": "auth.permission", "pk": 5, "fields": {"name": "Can change group", "content_type": 2, "codename": "change_group"}}, {"model": "auth.permission", "pk": 6, "fields": {"name": "Can delete group", "content_type": 2, "codename": "delete_group"}}, {"model": "auth.permission", "pk": 7, "fields": {"name": "Can add permission", "content_type": 3, "codename": "add_permission"}}, {"model": "auth.permission", "pk": 8, "fields": {"name": "Can change permission", "content_type": 3, "codename": "change_permission"}}, {"model": "auth.permission", "pk": 9, "fields": {"name": "Can delete permission", "content_type": 3, "codename": "delete_permission"}}, {"model": "auth.permission", "pk": 10, "fields": {"name": "Can add user", "content_type": 4, "codename": "add_user"}}, {"model": "auth.permission", "pk": 11, "fields": {"name": "Can change user", "content_type": 4, "codename": "change_user"}}, {"model": "auth.permission", "pk": 12, "fields": {"name": "Can delete user", "content_type": 4, "codename": "delete_user"}}, {"model": "auth.permission", "pk": 13, "fields": {"name": "Can add content type", "content_type": 5, "codename": "add_contenttype"}}, {"model": "auth.permission", "pk": 14, "fields": {"name": "Can change content type", "content_type": 5, "codename": "change_contenttype"}}, {"model": "auth.permission", "pk": 15, "fields": {"name": "Can delete content type", "content_type": 5, "codename": "delete_contenttype"}}, {"model": "auth.permission", "pk": 16, "fields": {"name": "Can add session", "content_type": 6, "codename": "add_session"}}, {"model": "auth.permission", "pk": 17, "fields": {"name": "Can change session", "content_type": 6, "codename": "change_session"}}, {"model": "auth.permission", "pk": 18, "fields": {"name": "Can delete session", "content_type": 6, "codename": "delete_session"}}, {"model": "auth.permission", "pk": 19, "fields": {"name": "Can add user info", "content_type": 7, "codename": "add_userinfo"}}, {"model": "auth.permission", "pk": 20, "fields": {"name": "Can change user info", "content_type": 7, "codename": "change_userinfo"}}, {"model": "auth.permission", "pk": 21, "fields": {"name": "Can delete user info", "content_type": 7, "codename": "delete_userinfo"}}, {"model": "auth.permission", "pk": 22, "fields": {"name": "Can add records", "content_type": 8, "codename": "add_records"}}, {"model": "auth.permission", "pk": 23, "fields": {"name": "Can change records", "content_type": 8, "codename": "change_records"}}, {"model": "auth.permission", "pk": 24, "fields": {"name": "Can delete records", "content_type": 8, "codename": "delete_records"}}, {"model": "auth.permission", "pk": 25, "fields": {"name": "Can add salary", "content_type": 9, "codename": "add_salary"}}, {"model": "auth.permission", "pk": 26, "fields": {"name": "Can change salary", "content_type": 9, "codename": "change_salary"}}, {"model": "auth.permission", "pk": 27, "fields": {"name": "Can delete salary", "content_type": 9, "codename": "delete_salary"}}, {"model": "auth.permission", "pk": 28, "fields": {"name": "Can add staff salary", "content_type": 10, "codename": "add_staffsalary"}}, {"model": "auth.permission", "pk": 29, "fields": {"name": "Can change staff salary", "content_type": 10, "codename": "change_staffsalary"}}, {"model": "auth.permission", "pk": 30, "fields": {"name": "Can delete staff salary", "content_type": 10, "codename": "delete_staffsalary"}}, {"model": "auth.user", "pk": 1, "fields": {"password": "pbkdf2_sha256$36000$Jswi9qPT4Yka$rscsINzzJgcfa+PSRqu/8PA22dDhZiQRRqSpHV2LXtY=", "last_login": "2017-11-10T23:51:41.603Z", "is_superuser": true, "username": "gkcsjk", "first_name": "", "last_name": "", "email": "kguo@n2c.net.au", "is_staff": true, "is_active": true, "date_joined": "2017-11-10T07:37:08.251Z", "groups": [], "user_permissions": []}}, {"model": "auth.user", "pk": 2, "fields": {"password": "pbkdf2_sha256$36000$iTLuBw7zcxMO$X6Yj2l8iOPu+0uaUyB/Sg06s6nTuH6cSU0dmNnkX7O8=", "last_login": "2017-11-10T07:48:14.559Z", "is_superuser": false, "username": "ray", "first_name": "", "last_name": "", "email": "", "is_staff": false, "is_active": true, "date_joined": "2017-11-10T07:42:35.173Z", "groups": [], "user_permissions": []}}, {"model": "auth.user", "pk": 3, "fields": {"password": "pbkdf2_sha256$36000$FhYppvi2cdY2$MlknZ9sTcYGcK7bB0Vsc5+t3kfr0zuN35ua5t/RwVTQ=", "last_login": "2017-11-10T08:00:17.069Z", "is_superuser": false, "username": "blair", "first_name": "", "last_name": "", "email": "", "is_staff": false, "is_active": true, "date_joined": "2017-11-10T07:42:48.670Z", "groups": [], "user_permissions": []}}, {"model": "auth.user", "pk": 4, "fields": {"password": "pbkdf2_sha256$36000$pqUl5YGvN5Hl$FEbArrnQceHlMRSKqL8pHWe9o4QwVBtOO7tUuKoLQQk=", "last_login": "2017-11-10T07:58:52.411Z", "is_superuser": false, "username": "ken", "first_name": "", "last_name": "", "email": "", "is_staff": false, "is_active": true, "date_joined": "2017-11-10T07:42:59.462Z", "groups": [], "user_permissions": []}}, {"model": "auth.user", "pk": 5, "fields": {"password": "pbkdf2_sha256$36000$670AO0lKk1Lb$U2WFfucihXnFt/euSbr6jGF1q16aFF+JNfRVtuF8FR0=", "last_login": "2017-11-10T07:52:26.131Z", "is_superuser": false, "username": "evelyn", "first_name": "", "last_name": "", "email": "", "is_staff": false, "is_active": true, "date_joined": "2017-11-10T07:43:26.812Z", "groups": [], "user_permissions": []}}, {"model": "auth.user", "pk": 6, "fields": {"password": "pbkdf2_sha256$36000$hM0Q0pt0IhX7$M/ruQov+KEWrh1tzGIjtUe9xOSh/p3pqwclbj344xag=", "last_login": "2017-11-11T04:20:38.647Z", "is_superuser": false, "username": "egon", "first_name": "", "last_name": "", "email": "", "is_staff": false, "is_active": true, "date_joined": "2017-11-10T07:43:38.521Z", "groups": [], "user_permissions": []}}, {"model": "auth.user", "pk": 7, "fields": {"password": "pbkdf2_sha256$36000$mV3VVCIbs4Ej$4cQoo2God/nmXYr9pLhalf1fv6wtQ9T9tHu/S1pm/e4=", "last_login": "2017-11-10T11:39:12.762Z", "is_superuser": false, "username": "linda", "first_name": "", "last_name": "", "email": "", "is_staff": false, "is_active": true, "date_joined": "2017-11-10T07:43:52.798Z", "groups": [], "user_permissions": []}}, {"model": "auth.user", "pk": 8, "fields": {"password": "pbkdf2_sha256$36000$SgGaKWjaduc9$cTfhLlkI1Q0Z4Etn83U23PXlYHcIi9aCSbaSUDG6kdU=", "last_login": "2017-11-10T21:38:56.280Z", "is_superuser": false, "username": "william", "first_name": "", "last_name": "", "email": "", "is_staff": false, "is_active": true, "date_joined": "2017-11-10T07:44:03.973Z", "groups": [], "user_permissions": []}}, {"model": "auth.user", "pk": 9, "fields": {"password": "pbkdf2_sha256$36000$156Obr18dmbv$U1j4YvxUvuw7PZ/Cy/y+GcSreGh5mps7FKwEuvWN4Xk=", "last_login": "2017-11-10T07:58:01.069Z", "is_superuser": false, "username": "beibei", "first_name": "", "last_name": "", "email": "", "is_staff": false, "is_active": true, "date_joined": "2017-11-10T07:44:16.106Z", "groups": [], "user_permissions": []}}, {"model": "auth.user", "pk": 10, "fields": {"password": "pbkdf2_sha256$36000$AQHZHvNMIrMb$8xIsSDg6p4ZOHTsVTIJ6lAYJzZXvhKoN8uY76Xo3tGI=", "last_login": "2017-11-10T07:56:43.668Z", "is_superuser": false, "username": "andy", "first_name": "", "last_name": "", "email": "", "is_staff": false, "is_active": true, "date_joined": "2017-11-10T07:44:28.774Z", "groups": [], "user_permissions": []}}, {"model": "auth.user", "pk": 11, "fields": {"password": "pbkdf2_sha256$36000$rPS51S64DaVs$iLUsWcvWr168Rr1mQaDuaMB+VpRWqDoNNRA8+RWoXXg=", "last_login": null, "is_superuser": false, "username": "staff", "first_name": "", "last_name": "", "email": "", "is_staff": false, "is_active": true, "date_joined": "2017-11-10T07:44:58.740Z", "groups": [], "user_permissions": []}}, {"model": "auth.user", "pk": 12, "fields": {"password": "pbkdf2_sha256$36000$EWcQc4O70V4y$+e7bCDpqPOV5Lb7jMwTe4z+Ni7fL6Ai0gai7+OOP1LM=", "last_login": "2017-11-10T08:19:31.875Z", "is_superuser": false, "username": "duan", "first_name": "", "last_name": "", "email": "", "is_staff": true, "is_active": true, "date_joined": "2017-11-10T07:45:15Z", "groups": [], "user_permissions": []}}, {"model": "auth.user", "pk": 13, "fields": {"password": "pbkdf2_sha256$36000$SUYOhq2pE9Um$WrsEqfxZgDmrk0EK/JIUN40PSr79ZGMmbXk1juKs0Y8=", "last_login": "2017-11-11T05:41:18.399Z", "is_superuser": false, "username": "karl", "first_name": "", "last_name": "", "email": "", "is_staff": true, "is_active": true, "date_joined": "2017-11-10T08:01:59Z", "groups": [], "user_permissions": []}}, {"model": "auth.user", "pk": 14, "fields": {"password": "pbkdf2_sha256$36000$8EHnJk4ZBIN0$I4gVm1g9YvGYvX67BCGF7kLC8nBL7LWymBc7Zy997So=", "last_login": null, "is_superuser": false, "username": "jaeson", "first_name": "", "last_name": "", "email": "", "is_staff": false, "is_active": true, "date_joined": "2017-11-10T22:41:21.050Z", "groups": [], "user_permissions": []}}, {"model": "auth.user", "pk": 15, "fields": {"password": "pbkdf2_sha256$36000$GwNLN1ET1LU7$jtyNqo0N/2VbK6DfvoBYyni+Fo34msep5z6FQCT6CKI=", "last_login": null, "is_superuser": false, "username": "eason", "first_name": "", "last_name": "", "email": "", "is_staff": false, "is_active": true, "date_joined": "2017-11-10T22:41:36.032Z", "groups": [], "user_permissions": []}}, {"model": "n2cshiftapp.userinfo", "pk": 1, "fields": {"salary_rate": "0.0"}}, {"model": "n2cshiftapp.userinfo", "pk": 2, "fields": {"salary_rate": "9.0"}}, {"model": "n2cshiftapp.userinfo", "pk": 3, "fields": {"salary_rate": "11.0"}}, {"model": "n2cshiftapp.userinfo", "pk": 4, "fields": {"salary_rate": "9.0"}}, {"model": "n2cshiftapp.userinfo", "pk": 5, "fields": {"salary_rate": "9.0"}}, {"model": "n2cshiftapp.userinfo", "pk": 6, "fields": {"salary_rate": "10.0"}}, {"model": "n2cshiftapp.userinfo", "pk": 7, "fields": {"salary_rate": "10.0"}}, {"model": "n2cshiftapp.userinfo", "pk": 8, "fields": {"salary_rate": "9.0"}}, {"model": "n2cshiftapp.userinfo", "pk": 9, "fields": {"salary_rate": "9.0"}}, {"model": "n2cshiftapp.userinfo", "pk": 10, "fields": {"salary_rate": "9.0"}}, {"model": "n2cshiftapp.userinfo", "pk": 11, "fields": {"salary_rate": "9.0"}}, {"model": "n2cshiftapp.userinfo", "pk": 12, "fields": {"salary_rate": "0.0"}}, {"model": "n2cshiftapp.userinfo", "pk": 14, "fields": {"salary_rate": "9.0"}}, {"model": "n2cshiftapp.userinfo", "pk": 15, "fields": {"salary_rate": "9.0"}}, {"model": "n2cshiftapp.records", "pk": 1, "fields": {"created_user": 2, "created_time": "2017-10-23", "shift": "Morning", "machine": "379.50", "cash": "0.00", "cards": "0.00", "receipts": "0.00", "IOUs": "0.00", "cards_dtl": "0", "receipts_dtl": "0", "IOUs_dtl": "0"}}, {"model": "n2cshiftapp.records", "pk": 2, "fields": {"created_user": 2, "created_time": "2017-10-27", "shift": "Morning", "machine": "589.00", "cash": "0.00", "cards": "0.00", "receipts": "0.00", "IOUs": "0.00", "cards_dtl": "0", "receipts_dtl": "0", "IOUs_dtl": "0"}}, {"model": "n2cshiftapp.records", "pk": 3, "fields": {"created_user": 3, "created_time": "2017-10-23", "shift": "Dusk", "machine": "996.50", "cash": "0.00", "cards": "0.00", "receipts": "0.00", "IOUs": "0.00", "cards_dtl": "0", "receipts_dtl": "0", "IOUs_dtl": "0"}}, {"model": "n2cshiftapp.records", "pk": 4, "fields": {"created_user": 3, "created_time": "2017-10-27", "shift": "Dusk", "machine": "1715.50", "cash": "0.00", "cards": "0.00", "receipts": "0.00", "IOUs": "0.00", "cards_dtl": "0", "receipts_dtl": "0", "IOUs_dtl": "0"}}, {"model": "n2cshiftapp.records", "pk": 5, "fields": {"created_user": 4, "created_time": "2017-10-23", "shift": "Night", "machine": "444.50", "cash": "0.00", "cards": "0.00", "receipts": "0.00", "IOUs": "0.00", "cards_dtl": "0", "receipts_dtl": "0", "IOUs_dtl": "0"}}, {"model": "n2cshiftapp.records", "pk": 6, "fields": {"created_user": 4, "created_time": "2017-10-24", "shift": "Night", "machine": "384.00", "cash": "0.00", "cards": "0.00", "receipts": "0.00", "IOUs": "0.00", "cards_dtl": "0", "receipts_dtl": "0", "IOUs_dtl": "0"}}, {"model": "n2cshiftapp.records", "pk": 7, "fields": {"created_user": 5, "created_time": "2017-10-24", "shift": "Morning", "machine": "397.50", "cash": "0.00", "cards": "0.00", "receipts": "0.00", "IOUs": "0.00", "cards_dtl": "0", "receipts_dtl": "0", "IOUs_dtl": "0"}}, {"model": "n2cshiftapp.records", "pk": 8, "fields": {"created_user": 5, "created_time": "2017-10-29", "shift": "Dusk", "machine": "766.00", "cash": "0.00", "cards": "0.00", "receipts": "0.00", "IOUs": "0.00", "cards_dtl": "0", "receipts_dtl": "0", "IOUs_dtl": "0"}}, {"model": "n2cshiftapp.records", "pk": 9, "fields": {"created_user": 6, "created_time": "2017-10-24", "shift": "Dusk", "machine": "1337.00", "cash": "0.00", "cards": "0.00", "receipts": "0.00", "IOUs": "0.00", "cards_dtl": "0", "receipts_dtl": "0", "IOUs_dtl": "0"}}, {"model": "n2cshiftapp.records", "pk": 10, "fields": {"created_user": 6, "created_time": "2017-10-28", "shift": "Morning", "machine": "787.00", "cash": "0.00", "cards": "0.00", "receipts": "0.00", "IOUs": "0.00", "cards_dtl": "0", "receipts_dtl": "0", "IOUs_dtl": "0"}}, {"model": "n2cshiftapp.records", "pk": 11, "fields": {"created_user": 7, "created_time": "2017-10-25", "shift": "Dusk", "machine": "1060.00", "cash": "0.00", "cards": "0.00", "receipts": "0.00", "IOUs": "0.00", "cards_dtl": "0", "receipts_dtl": "0", "IOUs_dtl": "0"}}, {"model": "n2cshiftapp.records", "pk": 12, "fields": {"created_user": 7, "created_time": "2017-10-26", "shift": "Dusk", "machine": "933.00", "cash": "0.00", "cards": "0.00", "receipts": "0.00", "IOUs": "0.00", "cards_dtl": "0", "receipts_dtl": "0", "IOUs_dtl": "0"}}, {"model": "n2cshiftapp.records", "pk": 13, "fields": {"created_user": 8, "created_time": "2017-10-25", "shift": "Night", "machine": "568.50", "cash": "0.00", "cards": "0.00", "receipts": "0.00", "IOUs": "0.00", "cards_dtl": "0", "receipts_dtl": "0", "IOUs_dtl": "0"}}, {"model": "n2cshiftapp.records", "pk": 14, "fields": {"created_user": 8, "created_time": "2017-10-27", "shift": "Night", "machine": "921.00", "cash": "0.00", "cards": "0.00", "receipts": "0.00", "IOUs": "0.00", "cards_dtl": "0", "receipts_dtl": "0", "IOUs_dtl": "0"}}, {"model": "n2cshiftapp.records", "pk": 15, "fields": {"created_user": 10, "created_time": "2017-10-26", "shift": "Night", "machine": "337.00", "cash": "0.00", "cards": "0.00", "receipts": "0.00", "IOUs": "0.00", "cards_dtl": "0", "receipts_dtl": "0", "IOUs_dtl": "0"}}, {"model": "n2cshiftapp.records", "pk": 16, "fields": {"created_user": 10, "created_time": "2017-10-28", "shift": "Night", "machine": "742.00", "cash": "0.00", "cards": "0.00", "receipts": "0.00", "IOUs": "0.00", "cards_dtl": "0", "receipts_dtl": "0", "IOUs_dtl": "0"}}, {"model": "n2cshiftapp.records", "pk": 17, "fields": {"created_user": 9, "created_time": "2017-10-26", "shift": "Morning", "machine": "189.20", "cash": "0.00", "cards": "0.00", "receipts": "0.00", "IOUs": "0.00", "cards_dtl": "0", "receipts_dtl": "0", "IOUs_dtl": "0"}}, {"model": "n2cshiftapp.records", "pk": 18, "fields": {"created_user": 9, "created_time": "2017-10-29", "shift": "Morning", "machine": "563.00", "cash": "0.00", "cards": "0.00", "receipts": "0.00", "IOUs": "0.00", "cards_dtl": "0", "receipts_dtl": "0", "IOUs_dtl": "0"}}, {"model": "n2cshiftapp.records", "pk": 19, "fields": {"created_user": 4, "created_time": "2017-10-29", "shift": "Night", "machine": "355.50", "cash": "0.00", "cards": "0.00", "receipts": "0.00", "IOUs": "0.00", "cards_dtl": "0", "receipts_dtl": "0", "IOUs_dtl": "0"}}, {"model": "n2cshiftapp.records", "pk": 20, "fields": {"created_user": 3, "created_time": "2017-10-28", "shift": "Dusk", "machine": "1279.70", "cash": "0.00", "cards": "0.00", "receipts": "0.00", "IOUs": "0.00", "cards_dtl": "0", "receipts_dtl": "0", "IOUs_dtl": "0"}}, {"model": "n2cshiftapp.records", "pk": 22, "fields": {"created_user": 7, "created_time": "2017-11-10", "shift": "Dusk", "machine": "1630.00", "cash": "1151.00", "cards": "331.60", "receipts": "130.00", "IOUs": "21.50", "cards_dtl": "10+10+10+16+10+20.6+20+20+50+20+14+20+14+20+10+23.5+11.5+12+20", "receipts_dtl": "\u51b0\u5757\uffe536  \u98ce\u6247\uffe594", "IOUs_dtl": "\u80d6\u80d6\u6b2021.5"}}, {"model": "n2cshiftapp.records", "pk": 23, "fields": {"created_user": 8, "created_time": "2017-11-10", "shift": "Night", "machine": "377.00", "cash": "228.20", "cards": "164.42", "receipts": "0.00", "IOUs": "25.00", "cards_dtl": "10+13+10+20+14.42+50+24+11.50+11.50", "receipts_dtl": "0", "IOUs_dtl": "\u80d6\u80d6\u6b2023.5 \u5927\u4f6c\u6b201.5"}}, {"model": "n2cshiftapp.records", "pk": 24, "fields": {"created_user": 2, "created_time": "2017-10-30", "shift": "Morning", "machine": "161.00", "cash": "0.00", "cards": "0.00", "receipts": "0.00", "IOUs": "0.00", "cards_dtl": "0", "receipts_dtl": "0", "IOUs_dtl": "0"}}, {"model": "n2cshiftapp.records", "pk": 25, "fields": {"created_user": 5, "created_time": "2017-10-30", "shift": "Dusk", "machine": "937.00", "cash": "0.00", "cards": "0.00", "receipts": "0.00", "IOUs": "0.00", "cards_dtl": "0", "receipts_dtl": "0", "IOUs_dtl": "0"}}, {"model": "n2cshiftapp.records", "pk": 26, "fields": {"created_user": 4, "created_time": "2017-10-30", "shift": "Night", "machine": "360.50", "cash": "0.00", "cards": "0.00", "receipts": "0.00", "IOUs": "0.00", "cards_dtl": "0", "receipts_dtl": "0", "IOUs_dtl": "0"}}, {"model": "n2cshiftapp.records", "pk": 27, "fields": {"created_user": 6, "created_time": "2017-10-31", "shift": "Morning", "machine": "402.50", "cash": "0.00", "cards": "0.00", "receipts": "0.00", "IOUs": "0.00", "cards_dtl": "0", "receipts_dtl": "0", "IOUs_dtl": "0"}}, {"model": "n2cshiftapp.records", "pk": 28, "fields": {"created_user": 5, "created_time": "2017-10-31", "shift": "Dusk", "machine": "651.00", "cash": "0.00", "cards": "0.00", "receipts": "0.00", "IOUs": "0.00", "cards_dtl": "0", "receipts_dtl": "0", "IOUs_dtl": "0"}}, {"model": "n2cshiftapp.records", "pk": 29, "fields": {"created_user": 4, "created_time": "2017-10-31", "shift": "Night", "machine": "626.50", "cash": "0.00", "cards": "0.00", "receipts": "0.00", "IOUs": "0.00", "cards_dtl": "0", "receipts_dtl": "0", "IOUs_dtl": "0"}}, {"model": "n2cshiftapp.records", "pk": 30, "fields": {"created_user": 10, "created_time": "2017-11-01", "shift": "Morning", "machine": "495.00", "cash": "0.00", "cards": "0.00", "receipts": "0.00", "IOUs": "0.00", "cards_dtl": "0", "receipts_dtl": "0", "IOUs_dtl": "0"}}, {"model": "n2cshiftapp.records", "pk": 31, "fields": {"created_user": 7, "created_time": "2017-11-01", "shift": "Dusk", "machine": "1285.00", "cash": "0.00", "cards": "0.00", "receipts": "0.00", "IOUs": "0.00", "cards_dtl": "0", "receipts_dtl": "0", "IOUs_dtl": "0"}}, {"model": "n2cshiftapp.records", "pk": 32, "fields": {"created_user": 8, "created_time": "2017-11-01", "shift": "Night", "machine": "328.50", "cash": "0.00", "cards": "0.00", "receipts": "0.00", "IOUs": "0.00", "cards_dtl": "0", "receipts_dtl": "0", "IOUs_dtl": "0"}}, {"model": "n2cshiftapp.records", "pk": 33, "fields": {"created_user": 2, "created_time": "2017-11-02", "shift": "Morning", "machine": "182.00", "cash": "0.00", "cards": "0.00", "receipts": "0.00", "IOUs": "0.00", "cards_dtl": "0", "receipts_dtl": "0", "IOUs_dtl": "0"}}, {"model": "n2cshiftapp.records", "pk": 34, "fields": {"created_user": 5, "created_time": "2017-11-02", "shift": "Dusk", "machine": "814.00", "cash": "0.00", "cards": "0.00", "receipts": "0.00", "IOUs": "0.00", "cards_dtl": "0", "receipts_dtl": "0", "IOUs_dtl": "0"}}, {"model": "n2cshiftapp.records", "pk": 35, "fields": {"created_user": 6, "created_time": "2017-11-02", "shift": "Night", "machine": "204.50", "cash": "0.00", "cards": "0.00", "receipts": "0.00", "IOUs": "0.00", "cards_dtl": "0", "receipts_dtl": "0", "IOUs_dtl": "0"}}, {"model": "n2cshiftapp.records", "pk": 36, "fields": {"created_user": 14, "created_time": "2017-11-03", "shift": "Morning", "machine": "185.50", "cash": "0.00", "cards": "0.00", "receipts": "0.00", "IOUs": "0.00", "cards_dtl": "0", "receipts_dtl": "0", "IOUs_dtl": "0"}}, {"model": "n2cshiftapp.records", "pk": 37, "fields": {"created_user": 3, "created_time": "2017-11-03", "shift": "Dusk", "machine": "1785.00", "cash": "0.00", "cards": "0.00", "receipts": "0.00", "IOUs": "0.00", "cards_dtl": "0", "receipts_dtl": "0", "IOUs_dtl": "0"}}, {"model": "n2cshiftapp.records", "pk": 38, "fields": {"created_user": 8, "created_time": "2017-11-03", "shift": "Night", "machine": "486.00", "cash": "0.00", "cards": "0.00", "receipts": "0.00", "IOUs": "0.00", "cards_dtl": "0", "receipts_dtl": "0", "IOUs_dtl": "0"}}, {"model": "n2cshiftapp.records", "pk": 39, "fields": {"created_user": 6, "created_time": "2017-11-04", "shift": "Morning", "machine": "602.00", "cash": "0.00", "cards": "0.00", "receipts": "0.00", "IOUs": "0.00", "cards_dtl": "0", "receipts_dtl": "0", "IOUs_dtl": "0"}}, {"model": "n2cshiftapp.records", "pk": 40, "fields": {"created_user": 7, "created_time": "2017-11-04", "shift": "Dusk", "machine": "1092.50", "cash": "0.00", "cards": "0.00", "receipts": "0.00", "IOUs": "0.00", "cards_dtl": "0", "receipts_dtl": "0", "IOUs_dtl": "0"}}, {"model": "n2cshiftapp.records", "pk": 41, "fields": {"created_user": 10, "created_time": "2017-11-04", "shift": "Night", "machine": "909.00", "cash": "0.00", "cards": "0.00", "receipts": "0.00", "IOUs": "0.00", "cards_dtl": "0", "receipts_dtl": "0", "IOUs_dtl": "0"}}, {"model": "n2cshiftapp.records", "pk": 42, "fields": {"created_user": 9, "created_time": "2017-11-05", "shift": "Morning", "machine": "788.50", "cash": "0.00", "cards": "0.00", "receipts": "0.00", "IOUs": "0.00", "cards_dtl": "0", "receipts_dtl": "0", "IOUs_dtl": "0"}}, {"model": "n2cshiftapp.records", "pk": 43, "fields": {"created_user": 14, "created_time": "2017-11-05", "shift": "Night", "machine": "445.50", "cash": "0.00", "cards": "0.00", "receipts": "0.00", "IOUs": "0.00", "cards_dtl": "0", "receipts_dtl": "0", "IOUs_dtl": "0"}}, {"model": "n2cshiftapp.records", "pk": 44, "fields": {"created_user": 3, "created_time": "2017-11-05", "shift": "Dusk", "machine": "1064.00", "cash": "0.00", "cards": "0.00", "receipts": "0.00", "IOUs": "0.00", "cards_dtl": "0", "receipts_dtl": "0", "IOUs_dtl": "0"}}, {"model": "n2cshiftapp.records", "pk": 45, "fields": {"created_user": 14, "created_time": "2017-11-06", "shift": "Morning", "machine": "835.50", "cash": "0.00", "cards": "0.00", "receipts": "0.00", "IOUs": "0.00", "cards_dtl": "0", "receipts_dtl": "0", "IOUs_dtl": "0"}}, {"model": "n2cshiftapp.records", "pk": 46, "fields": {"created_user": 5, "created_time": "2017-11-06", "shift": "Dusk", "machine": "1259.00", "cash": "0.00", "cards": "0.00", "receipts": "0.00", "IOUs": "0.00", "cards_dtl": "0", "receipts_dtl": "0", "IOUs_dtl": "0"}}, {"model": "n2cshiftapp.records", "pk": 47, "fields": {"created_user": 6, "created_time": "2017-11-06", "shift": "Night", "machine": "414.00", "cash": "0.00", "cards": "0.00", "receipts": "0.00", "IOUs": "0.00", "cards_dtl": "0", "receipts_dtl": "0", "IOUs_dtl": "0"}}, {"model": "n2cshiftapp.records", "pk": 48, "fields": {"created_user": 7, "created_time": "2017-11-07", "shift": "Morning", "machine": "641.50", "cash": "0.00", "cards": "0.00", "receipts": "0.00", "IOUs": "0.00", "cards_dtl": "0", "receipts_dtl": "0", "IOUs_dtl": "0"}}, {"model": "n2cshiftapp.records", "pk": 49, "fields": {"created_user": 5, "created_time": "2017-11-07", "shift": "Dusk", "machine": "1303.50", "cash": "0.00", "cards": "0.00", "receipts": "0.00", "IOUs": "0.00", "cards_dtl": "0", "receipts_dtl": "0", "IOUs_dtl": "0"}}, {"model": "n2cshiftapp.records", "pk": 50, "fields": {"created_user": 4, "created_time": "2017-11-07", "shift": "Night", "machine": "461.50", "cash": "0.00", "cards": "0.00", "receipts": "0.00", "IOUs": "0.00", "cards_dtl": "0", "receipts_dtl": "0", "IOUs_dtl": "0"}}, {"model": "n2cshiftapp.records", "pk": 51, "fields": {"created_user": 2, "created_time": "2017-11-08", "shift": "Morning", "machine": "235.00", "cash": "0.00", "cards": "0.00", "receipts": "0.00", "IOUs": "0.00", "cards_dtl": "0", "receipts_dtl": "0", "IOUs_dtl": "0"}}, {"model": "n2cshiftapp.records", "pk": 52, "fields": {"created_user": 5, "created_time": "2017-11-08", "shift": "Dusk", "machine": "1071.20", "cash": "0.00", "cards": "0.00", "receipts": "0.00", "IOUs": "0.00", "cards_dtl": "0", "receipts_dtl": "0", "IOUs_dtl": "0"}}, {"model": "n2cshiftapp.records", "pk": 53, "fields": {"created_user": 8, "created_time": "2017-11-08", "shift": "Night", "machine": "196.50", "cash": "0.00", "cards": "0.00", "receipts": "0.00", "IOUs": "0.00", "cards_dtl": "0", "receipts_dtl": "0", "IOUs_dtl": "0"}}, {"model": "n2cshiftapp.records", "pk": 54, "fields": {"created_user": 9, "created_time": "2017-11-09", "shift": "Morning", "machine": "293.70", "cash": "0.00", "cards": "0.00", "receipts": "0.00", "IOUs": "0.00", "cards_dtl": "0", "receipts_dtl": "0", "IOUs_dtl": "0"}}, {"model": "n2cshiftapp.records", "pk": 55, "fields": {"created_user": 7, "created_time": "2017-11-09", "shift": "Dusk", "machine": "1295.70", "cash": "0.00", "cards": "0.00", "receipts": "0.00", "IOUs": "0.00", "cards_dtl": "0", "receipts_dtl": "0", "IOUs_dtl": "0"}}, {"model": "n2cshiftapp.records", "pk": 56, "fields": {"created_user": 14, "created_time": "2017-11-09", "shift": "Night", "machine": "334.00", "cash": "0.00", "cards": "0.00", "receipts": "0.00", "IOUs": "0.00", "cards_dtl": "0", "receipts_dtl": "0", "IOUs_dtl": "0"}}, {"model": "n2cshiftapp.records", "pk": 57, "fields": {"created_user": 2, "created_time": "2017-11-10", "shift": "Morning", "machine": "144.00", "cash": "0.00", "cards": "0.00", "receipts": "0.00", "IOUs": "0.00", "cards_dtl": "0", "receipts_dtl": "0", "IOUs_dtl": "0"}}, {"model": "n2cshiftapp.records", "pk": 58, "fields": {"created_user": 6, "created_time": "2017-11-11", "shift": "Morning", "machine": "748.50", "cash": "335.00", "cards": "293.00", "receipts": "0.00", "IOUs": "100.00", "cards_dtl": "20+22.5+10+100+20+20+10.5+50+20+20", "receipts_dtl": "0", "IOUs_dtl": "\u7aef\u54e5100"}}, {"model": "n2cshiftapp.salary", "pk": "2017-10-23", "fields": {"created_user": 13, "created_time": "2017-11-03", "basic_salary": "1589.00", "bonus_salary": "436.72", "total_salary": "2025.72", "actual_salary": "2025.00", "comments": "Ignore Decimal"}}, {"model": "n2cshiftapp.salary", "pk": "2017-10-30", "fields": {"created_user": 13, "created_time": "2017-11-10", "basic_salary": "1648.00", "bonus_salary": "399.40", "total_salary": "2047.40", "actual_salary": "2068.00", "comments": "Ignore Decimal + Linda $20 interview"}}, {"model": "n2cshiftapp.staffsalary", "pk": 93, "fields": {"username": 2, "belongs_to": "2017-10-23", "basic_salary": "126.00", "bonus_salary": "7.95", "total_salary": "133.95"}}, {"model": "n2cshiftapp.staffsalary", "pk": 94, "fields": {"username": 3, "belongs_to": "2017-10-23", "basic_salary": "231.00", "bonus_salary": "99.17", "total_salary": "330.17"}}, {"model": "n2cshiftapp.staffsalary", "pk": 95, "fields": {"username": 4, "belongs_to": "2017-10-23", "basic_salary": "300.00", "bonus_salary": "28.40", "total_salary": "328.40"}}, {"model": "n2cshiftapp.staffsalary", "pk": 96, "fields": {"username": 5, "belongs_to": "2017-10-23", "basic_salary": "126.00", "bonus_salary": "26.35", "total_salary": "152.35"}}, {"model": "n2cshiftapp.staffsalary", "pk": 97, "fields": {"username": 6, "belongs_to": "2017-10-23", "basic_salary": "140.00", "bonus_salary": "92.40", "total_salary": "232.40"}}, {"model": "n2cshiftapp.staffsalary", "pk": 98, "fields": {"username": 7, "belongs_to": "2017-10-23", "basic_salary": "140.00", "bonus_salary": "79.30", "total_salary": "219.30"}}, {"model": "n2cshiftapp.staffsalary", "pk": 99, "fields": {"username": 8, "belongs_to": "2017-10-23", "basic_salary": "200.00", "bonus_salary": "58.95", "total_salary": "258.95"}}, {"model": "n2cshiftapp.staffsalary", "pk": 100, "fields": {"username": 9, "belongs_to": "2017-10-23", "basic_salary": "126.00", "bonus_salary": "26.30", "total_salary": "152.30"}}, {"model": "n2cshiftapp.staffsalary", "pk": 101, "fields": {"username": 10, "belongs_to": "2017-10-23", "basic_salary": "200.00", "bonus_salary": "17.90", "total_salary": "217.90"}}, {"model": "n2cshiftapp.staffsalary", "pk": 102, "fields": {"username": 11, "belongs_to": "2017-10-23", "basic_salary": "0.00", "bonus_salary": "0.00", "total_salary": "0.00"}}, {"model": "n2cshiftapp.staffsalary", "pk": 103, "fields": {"username": 14, "belongs_to": "2017-10-23", "basic_salary": "0.00", "bonus_salary": "0.00", "total_salary": "0.00"}}, {"model": "n2cshiftapp.staffsalary", "pk": 104, "fields": {"username": 15, "belongs_to": "2017-10-23", "basic_salary": "0.00", "bonus_salary": "0.00", "total_salary": "0.00"}}, {"model": "n2cshiftapp.staffsalary", "pk": 105, "fields": {"username": 2, "belongs_to": "2017-10-30", "basic_salary": "126.00", "bonus_salary": "0.00", "total_salary": "126.00"}}, {"model": "n2cshiftapp.staffsalary", "pk": 106, "fields": {"username": 3, "belongs_to": "2017-10-30", "basic_salary": "154.00", "bonus_salary": "104.90", "total_salary": "258.90"}}, {"model": "n2cshiftapp.staffsalary", "pk": 107, "fields": {"username": 4, "belongs_to": "2017-10-30", "basic_salary": "200.00", "bonus_salary": "38.70", "total_salary": "238.70"}}, {"model": "n2cshiftapp.staffsalary", "pk": 108, "fields": {"username": 5, "belongs_to": "2017-10-30", "basic_salary": "189.00", "bonus_salary": "60.20", "total_salary": "249.20"}}, {"model": "n2cshiftapp.staffsalary", "pk": 109, "fields": {"username": 6, "belongs_to": "2017-10-30", "basic_salary": "250.00", "bonus_salary": "10.45", "total_salary": "260.45"}}, {"model": "n2cshiftapp.staffsalary", "pk": 110, "fields": {"username": 7, "belongs_to": "2017-10-30", "basic_salary": "140.00", "bonus_salary": "68.50", "total_salary": "208.50"}}, {"model": "n2cshiftapp.staffsalary", "pk": 111, "fields": {"username": 8, "belongs_to": "2017-10-30", "basic_salary": "200.00", "bonus_salary": "2.85", "total_salary": "202.85"}}, {"model": "n2cshiftapp.staffsalary", "pk": 112, "fields": {"username": 9, "belongs_to": "2017-10-30", "basic_salary": "63.00", "bonus_salary": "48.85", "total_salary": "111.85"}}, {"model": "n2cshiftapp.staffsalary", "pk": 113, "fields": {"username": 10, "belongs_to": "2017-10-30", "basic_salary": "163.00", "bonus_salary": "50.40", "total_salary": "213.40"}}, {"model": "n2cshiftapp.staffsalary", "pk": 114, "fields": {"username": 11, "belongs_to": "2017-10-30", "basic_salary": "0.00", "bonus_salary": "0.00", "total_salary": "0.00"}}, {"model": "n2cshiftapp.staffsalary", "pk": 115, "fields": {"username": 14, "belongs_to": "2017-10-30", "basic_salary": "163.00", "bonus_salary": "14.55", "total_salary": "177.55"}}, {"model": "n2cshiftapp.staffsalary", "pk": 116, "fields": {"username": 15, "belongs_to": "2017-10-30", "basic_salary": "0.00", "bonus_salary": "0.00", "total_salary": "0.00"}}, {"model": "admin.logentry", "pk": 1, "fields": {"action_time": "2017-11-10T07:42:35.228Z", "user": 1, "content_type": 4, "object_id": "2", "object_repr": "ray", "action_flag": 1, "change_message": "[{\"added\": {}}]"}}, {"model": "admin.logentry", "pk": 2, "fields": {"action_time": "2017-11-10T07:42:48.713Z", "user": 1, "content_type": 4, "object_id": "3", "object_repr": "blair", "action_flag": 1, "change_message": "[{\"added\": {}}]"}}, {"model": "admin.logentry", "pk": 3, "fields": {"action_time": "2017-11-10T07:42:59.509Z", "user": 1, "content_type": 4, "object_id": "4", "object_repr": "ken", "action_flag": 1, "change_message": "[{\"added\": {}}]"}}, {"model": "admin.logentry", "pk": 4, "fields": {"action_time": "2017-11-10T07:43:26.864Z", "user": 1, "content_type": 4, "object_id": "5", "object_repr": "evelyn", "action_flag": 1, "change_message": "[{\"added\": {}}]"}}, {"model": "admin.logentry", "pk": 5, "fields": {"action_time": "2017-11-10T07:43:38.581Z", "user": 1, "content_type": 4, "object_id": "6", "object_repr": "egon", "action_flag": 1, "change_message": "[{\"added\": {}}]"}}, {"model": "admin.logentry", "pk": 6, "fields": {"action_time": "2017-11-10T07:43:52.847Z", "user": 1, "content_type": 4, "object_id": "7", "object_repr": "linda", "action_flag": 1, "change_message": "[{\"added\": {}}]"}}, {"model": "admin.logentry", "pk": 7, "fields": {"action_time": "2017-11-10T07:44:04.030Z", "user": 1, "content_type": 4, "object_id": "8", "object_repr": "william", "action_flag": 1, "change_message": "[{\"added\": {}}]"}}, {"model": "admin.logentry", "pk": 8, "fields": {"action_time": "2017-11-10T07:44:16.149Z", "user": 1, "content_type": 4, "object_id": "9", "object_repr": "beibei", "action_flag": 1, "change_message": "[{\"added\": {}}]"}}, {"model": "admin.logentry", "pk": 9, "fields": {"action_time": "2017-11-10T07:44:28.817Z", "user": 1, "content_type": 4, "object_id": "10", "object_repr": "andy", "action_flag": 1, "change_message": "[{\"added\": {}}]"}}, {"model": "admin.logentry", "pk": 10, "fields": {"action_time": "2017-11-10T07:44:58.790Z", "user": 1, "content_type": 4, "object_id": "11", "object_repr": "staff", "action_flag": 1, "change_message": "[{\"added\": {}}]"}}, {"model": "admin.logentry", "pk": 11, "fields": {"action_time": "2017-11-10T07:45:15.136Z", "user": 1, "content_type": 4, "object_id": "12", "object_repr": "duan", "action_flag": 1, "change_message": "[{\"added\": {}}]"}}, {"model": "admin.logentry", "pk": 12, "fields": {"action_time": "2017-11-10T07:45:26.757Z", "user": 1, "content_type": 4, "object_id": "12", "object_repr": "duan", "action_flag": 2, "change_message": "[{\"changed\": {\"fields\": [\"is_staff\"]}}]"}}, {"model": "admin.logentry", "pk": 13, "fields": {"action_time": "2017-11-10T07:45:48.134Z", "user": 1, "content_type": 7, "object_id": "10", "object_repr": "UserInfo object", "action_flag": 1, "change_message": "[{\"added\": {}}]"}}, {"model": "admin.logentry", "pk": 14, "fields": {"action_time": "2017-11-10T07:45:50.637Z", "user": 1, "content_type": 7, "object_id": "9", "object_repr": "UserInfo object", "action_flag": 1, "change_message": "[{\"added\": {}}]"}}, {"model": "admin.logentry", "pk": 15, "fields": {"action_time": "2017-11-10T07:45:55.094Z", "user": 1, "content_type": 7, "object_id": "3", "object_repr": "UserInfo object", "action_flag": 1, "change_message": "[{\"added\": {}}]"}}, {"model": "admin.logentry", "pk": 16, "fields": {"action_time": "2017-11-10T07:46:00.465Z", "user": 1, "content_type": 7, "object_id": "12", "object_repr": "UserInfo object", "action_flag": 1, "change_message": "[{\"added\": {}}]"}}, {"model": "admin.logentry", "pk": 17, "fields": {"action_time": "2017-11-10T07:46:05.076Z", "user": 1, "content_type": 7, "object_id": "6", "object_repr": "UserInfo object", "action_flag": 1, "change_message": "[{\"added\": {}}]"}}, {"model": "admin.logentry", "pk": 18, "fields": {"action_time": "2017-11-10T07:46:07.746Z", "user": 1, "content_type": 7, "object_id": "5", "object_repr": "UserInfo object", "action_flag": 1, "change_message": "[{\"added\": {}}]"}}, {"model": "admin.logentry", "pk": 19, "fields": {"action_time": "2017-11-10T07:46:11.681Z", "user": 1, "content_type": 7, "object_id": "1", "object_repr": "UserInfo object", "action_flag": 1, "change_message": "[{\"added\": {}}]"}}, {"model": "admin.logentry", "pk": 20, "fields": {"action_time": "2017-11-10T07:46:14.390Z", "user": 1, "content_type": 7, "object_id": "4", "object_repr": "UserInfo object", "action_flag": 1, "change_message": "[{\"added\": {}}]"}}, {"model": "admin.logentry", "pk": 21, "fields": {"action_time": "2017-11-10T07:46:19.018Z", "user": 1, "content_type": 7, "object_id": "7", "object_repr": "UserInfo object", "action_flag": 1, "change_message": "[{\"added\": {}}]"}}, {"model": "admin.logentry", "pk": 22, "fields": {"action_time": "2017-11-10T07:46:21.673Z", "user": 1, "content_type": 7, "object_id": "2", "object_repr": "UserInfo object", "action_flag": 1, "change_message": "[{\"added\": {}}]"}}, {"model": "admin.logentry", "pk": 23, "fields": {"action_time": "2017-11-10T07:46:24.977Z", "user": 1, "content_type": 7, "object_id": "11", "object_repr": "UserInfo object", "action_flag": 1, "change_message": "[{\"added\": {}}]"}}, {"model": "admin.logentry", "pk": 24, "fields": {"action_time": "2017-11-10T07:46:27.337Z", "user": 1, "content_type": 7, "object_id": "8", "object_repr": "UserInfo object", "action_flag": 1, "change_message": "[{\"added\": {}}]"}}, {"model": "admin.logentry", "pk": 25, "fields": {"action_time": "2017-11-10T08:01:59.838Z", "user": 1, "content_type": 4, "object_id": "13", "object_repr": "karl", "action_flag": 1, "change_message": "[{\"added\": {}}]"}}, {"model": "admin.logentry", "pk": 26, "fields": {"action_time": "2017-11-10T08:02:41.542Z", "user": 1, "content_type": 4, "object_id": "13", "object_repr": "karl", "action_flag": 2, "change_message": "[{\"changed\": {\"fields\": [\"is_staff\"]}}]"}}, {"model": "admin.logentry", "pk": 27, "fields": {"action_time": "2017-11-10T08:10:08.784Z", "user": 1, "content_type": 9, "object_id": "2017-10-23", "object_repr": "Salary object", "action_flag": 3, "change_message": ""}}, {"model": "admin.logentry", "pk": 28, "fields": {"action_time": "2017-11-10T22:27:45.500Z", "user": 1, "content_type": 8, "object_id": "21", "object_repr": "Records object", "action_flag": 3, "change_message": ""}}, {"model": "admin.logentry", "pk": 29, "fields": {"action_time": "2017-11-10T22:31:21.223Z", "user": 1, "content_type": 8, "object_id": "24", "object_repr": "Records object", "action_flag": 1, "change_message": "[{\"added\": {}}]"}}, {"model": "admin.logentry", "pk": 30, "fields": {"action_time": "2017-11-10T22:32:37.907Z", "user": 1, "content_type": 8, "object_id": "25", "object_repr": "Records object", "action_flag": 1, "change_message": "[{\"added\": {}}]"}}, {"model": "admin.logentry", "pk": 31, "fields": {"action_time": "2017-11-10T22:33:33.713Z", "user": 1, "content_type": 8, "object_id": "26", "object_repr": "Records object", "action_flag": 1, "change_message": "[{\"added\": {}}]"}}, {"model": "admin.logentry", "pk": 32, "fields": {"action_time": "2017-11-10T22:34:10.261Z", "user": 1, "content_type": 8, "object_id": "27", "object_repr": "Records object", "action_flag": 1, "change_message": "[{\"added\": {}}]"}}, {"model": "admin.logentry", "pk": 33, "fields": {"action_time": "2017-11-10T22:34:31.455Z", "user": 1, "content_type": 8, "object_id": "26", "object_repr": "Records object", "action_flag": 2, "change_message": "[{\"changed\": {\"fields\": [\"machine\"]}}]"}}, {"model": "admin.logentry", "pk": 34, "fields": {"action_time": "2017-11-10T22:35:31.533Z", "user": 1, "content_type": 8, "object_id": "28", "object_repr": "Records object", "action_flag": 1, "change_message": "[{\"added\": {}}]"}}, {"model": "admin.logentry", "pk": 35, "fields": {"action_time": "2017-11-10T22:36:09.889Z", "user": 1, "content_type": 8, "object_id": "29", "object_repr": "Records object", "action_flag": 1, "change_message": "[{\"added\": {}}]"}}, {"model": "admin.logentry", "pk": 36, "fields": {"action_time": "2017-11-10T22:38:33.480Z", "user": 1, "content_type": 8, "object_id": "30", "object_repr": "Records object", "action_flag": 1, "change_message": "[{\"added\": {}}]"}}, {"model": "admin.logentry", "pk": 37, "fields": {"action_time": "2017-11-10T22:38:55.127Z", "user": 1, "content_type": 8, "object_id": "31", "object_repr": "Records object", "action_flag": 1, "change_message": "[{\"added\": {}}]"}}, {"model": "admin.logentry", "pk": 38, "fields": {"action_time": "2017-11-10T22:39:19.234Z", "user": 1, "content_type": 8, "object_id": "32", "object_repr": "Records object", "action_flag": 1, "change_message": "[{\"added\": {}}]"}}, {"model": "admin.logentry", "pk": 39, "fields": {"action_time": "2017-11-10T22:39:39.040Z", "user": 1, "content_type": 8, "object_id": "33", "object_repr": "Records object", "action_flag": 1, "change_message": "[{\"added\": {}}]"}}, {"model": "admin.logentry", "pk": 40, "fields": {"action_time": "2017-11-10T22:40:17.662Z", "user": 1, "content_type": 8, "object_id": "34", "object_repr": "Records object", "action_flag": 1, "change_message": "[{\"added\": {}}]"}}, {"model": "admin.logentry", "pk": 41, "fields": {"action_time": "2017-11-10T22:40:38.719Z", "user": 1, "content_type": 8, "object_id": "35", "object_repr": "Records object", "action_flag": 1, "change_message": "[{\"added\": {}}]"}}, {"model": "admin.logentry", "pk": 42, "fields": {"action_time": "2017-11-10T22:41:21.094Z", "user": 1, "content_type": 4, "object_id": "14", "object_repr": "jaeson", "action_flag": 1, "change_message": "[{\"added\": {}}]"}}, {"model": "admin.logentry", "pk": 43, "fields": {"action_time": "2017-11-10T22:41:36.075Z", "user": 1, "content_type": 4, "object_id": "15", "object_repr": "eason", "action_flag": 1, "change_message": "[{\"added\": {}}]"}}, {"model": "admin.logentry", "pk": 44, "fields": {"action_time": "2017-11-10T22:42:03.175Z", "user": 1, "content_type": 7, "object_id": "14", "object_repr": "UserInfo object", "action_flag": 1, "change_message": "[{\"added\": {}}]"}}, {"model": "admin.logentry", "pk": 45, "fields": {"action_time": "2017-11-10T22:42:09.938Z", "user": 1, "content_type": 7, "object_id": "15", "object_repr": "UserInfo object", "action_flag": 1, "change_message": "[{\"added\": {}}]"}}, {"model": "admin.logentry", "pk": 46, "fields": {"action_time": "2017-11-10T22:42:34.359Z", "user": 1, "content_type": 8, "object_id": "35", "object_repr": "Records object", "action_flag": 2, "change_message": "[]"}}, {"model": "admin.logentry", "pk": 47, "fields": {"action_time": "2017-11-10T22:42:52.992Z", "user": 1, "content_type": 8, "object_id": "36", "object_repr": "Records object", "action_flag": 1, "change_message": "[{\"added\": {}}]"}}, {"model": "admin.logentry", "pk": 48, "fields": {"action_time": "2017-11-10T22:43:09.342Z", "user": 1, "content_type": 8, "object_id": "37", "object_repr": "Records object", "action_flag": 1, "change_message": "[{\"added\": {}}]"}}, {"model": "admin.logentry", "pk": 49, "fields": {"action_time": "2017-11-10T22:43:29.316Z", "user": 1, "content_type": 8, "object_id": "38", "object_repr": "Records object", "action_flag": 1, "change_message": "[{\"added\": {}}]"}}, {"model": "admin.logentry", "pk": 50, "fields": {"action_time": "2017-11-10T22:43:52.706Z", "user": 1, "content_type": 8, "object_id": "39", "object_repr": "Records object", "action_flag": 1, "change_message": "[{\"added\": {}}]"}}, {"model": "admin.logentry", "pk": 51, "fields": {"action_time": "2017-11-10T22:44:19.612Z", "user": 1, "content_type": 8, "object_id": "40", "object_repr": "Records object", "action_flag": 1, "change_message": "[{\"added\": {}}]"}}, {"model": "admin.logentry", "pk": 52, "fields": {"action_time": "2017-11-10T22:44:39.389Z", "user": 1, "content_type": 8, "object_id": "41", "object_repr": "Records object", "action_flag": 1, "change_message": "[{\"added\": {}}]"}}, {"model": "admin.logentry", "pk": 53, "fields": {"action_time": "2017-11-10T22:45:01.360Z", "user": 1, "content_type": 8, "object_id": "42", "object_repr": "Records object", "action_flag": 1, "change_message": "[{\"added\": {}}]"}}, {"model": "admin.logentry", "pk": 54, "fields": {"action_time": "2017-11-10T22:45:33.473Z", "user": 1, "content_type": 8, "object_id": "43", "object_repr": "Records object", "action_flag": 1, "change_message": "[{\"added\": {}}]"}}, {"model": "admin.logentry", "pk": 55, "fields": {"action_time": "2017-11-10T22:46:03.419Z", "user": 1, "content_type": 8, "object_id": "44", "object_repr": "Records object", "action_flag": 1, "change_message": "[{\"added\": {}}]"}}, {"model": "admin.logentry", "pk": 56, "fields": {"action_time": "2017-11-10T22:52:45.761Z", "user": 1, "content_type": 8, "object_id": "45", "object_repr": "Records object", "action_flag": 1, "change_message": "[{\"added\": {}}]"}}, {"model": "admin.logentry", "pk": 57, "fields": {"action_time": "2017-11-10T22:53:11.793Z", "user": 1, "content_type": 8, "object_id": "46", "object_repr": "Records object", "action_flag": 1, "change_message": "[{\"added\": {}}]"}}, {"model": "admin.logentry", "pk": 58, "fields": {"action_time": "2017-11-10T22:53:34.460Z", "user": 1, "content_type": 8, "object_id": "47", "object_repr": "Records object", "action_flag": 1, "change_message": "[{\"added\": {}}]"}}, {"model": "admin.logentry", "pk": 59, "fields": {"action_time": "2017-11-10T22:54:00.826Z", "user": 1, "content_type": 8, "object_id": "48", "object_repr": "Records object", "action_flag": 1, "change_message": "[{\"added\": {}}]"}}, {"model": "admin.logentry", "pk": 60, "fields": {"action_time": "2017-11-10T22:54:22.644Z", "user": 1, "content_type": 8, "object_id": "49", "object_repr": "Records object", "action_flag": 1, "change_message": "[{\"added\": {}}]"}}, {"model": "admin.logentry", "pk": 61, "fields": {"action_time": "2017-11-10T22:54:43.936Z", "user": 1, "content_type": 8, "object_id": "50", "object_repr": "Records object", "action_flag": 1, "change_message": "[{\"added\": {}}]"}}, {"model": "admin.logentry", "pk": 62, "fields": {"action_time": "2017-11-10T22:55:01.944Z", "user": 1, "content_type": 8, "object_id": "51", "object_repr": "Records object", "action_flag": 1, "change_message": "[{\"added\": {}}]"}}, {"model": "admin.logentry", "pk": 63, "fields": {"action_time": "2017-11-10T22:55:31.492Z", "user": 1, "content_type": 8, "object_id": "52", "object_repr": "Records object", "action_flag": 1, "change_message": "[{\"added\": {}}]"}}, {"model": "admin.logentry", "pk": 64, "fields": {"action_time": "2017-11-10T22:55:50.690Z", "user": 1, "content_type": 8, "object_id": "53", "object_repr": "Records object", "action_flag": 1, "change_message": "[{\"added\": {}}]"}}, {"model": "admin.logentry", "pk": 65, "fields": {"action_time": "2017-11-10T22:56:13.966Z", "user": 1, "content_type": 8, "object_id": "54", "object_repr": "Records object", "action_flag": 1, "change_message": "[{\"added\": {}}]"}}, {"model": "admin.logentry", "pk": 66, "fields": {"action_time": "2017-11-10T22:56:43.001Z", "user": 1, "content_type": 8, "object_id": "55", "object_repr": "Records object", "action_flag": 1, "change_message": "[{\"added\": {}}]"}}, {"model": "admin.logentry", "pk": 67, "fields": {"action_time": "2017-11-10T22:57:02.649Z", "user": 1, "content_type": 8, "object_id": "56", "object_repr": "Records object", "action_flag": 1, "change_message": "[{\"added\": {}}]"}}, {"model": "admin.logentry", "pk": 68, "fields": {"action_time": "2017-11-10T22:57:23.923Z", "user": 1, "content_type": 8, "object_id": "57", "object_repr": "Records object", "action_flag": 1, "change_message": "[{\"added\": {}}]"}}, {"model": "admin.logentry", "pk": 69, "fields": {"action_time": "2017-11-10T23:00:56.630Z", "user": 1, "content_type": 9, "object_id": "2017-11-10", "object_repr": "Salary object", "action_flag": 3, "change_message": ""}}, {"model": "admin.logentry", "pk": 70, "fields": {"action_time": "2017-11-10T23:00:56.705Z", "user": 1, "content_type": 9, "object_id": "2017-10-23", "object_repr": "Salary object", "action_flag": 3, "change_message": ""}}, {"model": "admin.logentry", "pk": 71, "fields": {"action_time": "2017-11-10T23:32:05.685Z", "user": 1, "content_type": 9, "object_id": "2017-10-30", "object_repr": "Salary object", "action_flag": 3, "change_message": ""}}, {"model": "admin.logentry", "pk": 72, "fields": {"action_time": "2017-11-10T23:32:05.768Z", "user": 1, "content_type": 9, "object_id": "2017-10-23", "object_repr": "Salary object", "action_flag": 3, "change_message": ""}}, {"model": "admin.logentry", "pk": 73, "fields": {"action_time": "2017-11-10T23:49:13.216Z", "user": 1, "content_type": 9, "object_id": "2017-10-30", "object_repr": "Salary object", "action_flag": 3, "change_message": ""}}, {"model": "admin.logentry", "pk": 74, "fields": {"action_time": "2017-11-10T23:49:13.333Z", "user": 1, "content_type": 9, "object_id": "2017-10-23", "object_repr": "Salary object", "action_flag": 3, "change_message": ""}}, {"model": "admin.logentry", "pk": 75, "fields": {"action_time": "2017-11-10T23:51:48.706Z", "user": 1, "content_type": 9, "object_id": "2017-10-23", "object_repr": "Salary object", "action_flag": 3, "change_message": ""}}]